{
  "curves": {
    "pitcher_ks": [
      [
        7.5,
        6.5093940525071545
      ],
      [
        17.5,
        8.333333333333332
      ],
      [
        32.5,
        12.681704260651628
      ],
      [
        47.5,
        27.27272727272727
      ],
      [
        57.5,
        57.14285714285714
      ]
    ],
    "player_hits": [
      [
        15.0,
        5.555555555555555
      ],
      [
        25.0,
        14.705882352941178
      ],
      [
        32.5,
        19.565217391304348
      ],
      [
        37.5,
        31.25
      ]
    ],
    "player_hr_rbis": [
      [
        22.5,
        5.88235294117647
      ],
      [
        45.0,
        15.473887814313347
      ]
    ]
  },
  "sample_counts": {
    "pitcher_ks": 306,
    "player_hr": 24,
    "game_winner": 1,
    "player_hits": 180,
    "player_hr_rbis": 79
  }
}