{
  "curves": {
    "pitcher_ks": [
      [
        2.5,
        5.986094624385281
      ],
      [
        10.0,
        8.562381465607272
      ],
      [
        20.0,
        13.170845157406756
      ],
      [
        32.5,
        15.600011482557676
      ],
      [
        45.0,
        17.56038647342995
      ],
      [
        55.0,
        49.81203007518797
      ],
      [
        62.5,
        71.84466019417476
      ],
      [
        70.0,
        80.90136054421768
      ],
      [
        87.5,
        100.0
      ]
    ],
    "player_hr": [
      [
        7.5,
        0.0
      ],
      [
        12.5,
        0.0
      ],
      [
        17.5,
        0.0
      ]
    ],
    "player_hits": [
      [
        15.0,
        5.712669683257919
      ],
      [
        25.0,
        12.564983888292158
      ],
      [
        32.5,
        16.1697247706422
      ],
      [
        37.5,
        18.37837837837838
      ]
    ],
    "player_hr_rbis": [
      [
        27.5,
        7.073643410852712
      ],
      [
        50.0,
        14.922174599593955
      ]
    ]
  },
  "sample_counts": {
    "pitcher_ks": 13774,
    "player_hr": 456,
    "game_winner": 3,
    "player_hits": 3333,
    "player_hr_rbis": 631
  }
}